weight_scheme,mean_final_score,median_final_score,best_final_score,excellent_count,good_count,moderate_count,poor_count,top20_overlap_count_vs_40_30_30,top20_jaccard_vs_40_30_30,top_guide_gene,top_guide_spacer,top_guide_score
100/0/0,77.7,78.0,84.0,0,141,4,0,19,0.9048,blaNDM1,AATGGTTCGGTATGCGGGCG,84.0
90/10/0,79.55,80.2,85.6,2,137,6,0,20,1.0,blaNDM1,AATGGTTCGGTATGCGGGCG,85.6
90/0/10,79.91,80.2,85.6,2,139,4,0,19,0.9048,blaNDM1,AATGGTTCGGTATGCGGGCG,85.6
80/20/0,81.4,82.4,87.2,22,114,9,0,20,1.0,blaNDM1,AATGGTTCGGTATGCGGGCG,87.2
80/10/10,81.76,82.4,87.2,22,117,6,0,20,1.0,blaNDM1,AATGGTTCGGTATGCGGGCG,87.2
80/0/20,82.11,82.4,87.2,24,117,4,0,19,0.9048,blaNDM1,AATGGTTCGGTATGCGGGCG,87.2
70/30/0,83.25,84.6,88.8,61,76,8,0,20,1.0,blaNDM1,AATGGTTCGGTATGCGGGCG,88.8
70/20/10,83.6,84.6,88.8,60,81,4,0,20,1.0,blaNDM1,AATGGTTCGGTATGCGGGCG,88.8
70/10/20,83.96,84.6,88.8,60,85,0,0,20,1.0,blaNDM1,AATGGTTCGGTATGCGGGCG,88.8
70/0/30,84.31,84.6,88.8,64,81,0,0,19,0.9048,blaNDM1,AATGGTTCGGTATGCGGGCG,88.8
60/40/0,85.09,86.8,90.4,121,16,8,0,20,1.0,blaNDM1,AATGGTTCGGTATGCGGGCG,90.4
60/30/10,85.45,86.8,90.4,120,18,7,0,20,1.0,blaNDM1,AATGGTTCGGTATGCGGGCG,90.4
60/20/20,85.81,86.8,90.4,119,24,2,0,20,1.0,blaNDM1,AATGGTTCGGTATGCGGGCG,90.4
60/10/30,86.16,86.8,90.4,121,24,0,0,20,1.0,blaNDM1,AATGGTTCGGTATGCGGGCG,90.4
60/0/40,86.51,86.8,90.4,125,20,0,0,19,0.9048,blaNDM1,AATGGTTCGGTATGCGGGCG,90.4
50/50/0,86.94,89.0,92.0,131,6,8,0,20,1.0,blaNDM1,AATGGTTCGGTATGCGGGCG,92.0
50/40/10,87.3,89.0,92.0,131,6,8,0,20,1.0,blaNDM1,AATGGTTCGGTATGCGGGCG,92.0
50/30/20,87.65,89.0,92.0,130,11,4,0,20,1.0,blaNDM1,AATGGTTCGGTATGCGGGCG,92.0
50/20/30,88.01,89.0,92.0,130,15,0,0,20,1.0,blaNDM1,AATGGTTCGGTATGCGGGCG,92.0
50/10/40,88.36,89.0,92.0,131,14,0,0,20,1.0,blaNDM1,AATGGTTCGGTATGCGGGCG,92.0
50/0/50,88.72,89.0,92.0,139,6,0,0,19,0.9048,blaNDM1,AATGGTTCGGTATGCGGGCG,92.0
40/60/0,88.79,91.2,93.6,131,6,8,0,20,1.0,blaNDM1,AATGGTTCGGTATGCGGGCG,93.6
40/50/10,89.15,91.2,93.6,131,6,8,0,20,1.0,blaNDM1,AATGGTTCGGTATGCGGGCG,93.6
40/40/20,89.5,91.2,93.6,132,5,8,0,20,1.0,blaNDM1,AATGGTTCGGTATGCGGGCG,93.6
40/30/30,89.85,91.2,93.6,131,12,2,0,20,1.0,blaNDM1,AATGGTTCGGTATGCGGGCG,93.6
40/20/40,90.21,91.2,93.6,132,13,0,0,20,1.0,blaNDM1,AATGGTTCGGTATGCGGGCG,93.6
40/10/50,90.57,91.2,93.6,134,11,0,0,20,1.0,blaNDM1,AATGGTTCGGTATGCGGGCG,93.6
40/0/60,90.92,91.2,93.6,139,6,0,0,19,0.9048,blaNDM1,AATGGTTCGGTATGCGGGCG,93.6
30/70/0,90.64,93.4,95.2,135,2,1,7,20,1.0,blaNDM1,AATGGTTCGGTATGCGGGCG,95.2
30/60/10,91.0,93.4,95.2,135,2,8,0,20,1.0,blaNDM1,AATGGTTCGGTATGCGGGCG,95.2
30/50/20,91.35,93.4,95.2,136,1,8,0,20,1.0,blaNDM1,AATGGTTCGGTATGCGGGCG,95.2
30/40/30,91.7,93.4,95.2,136,1,8,0,20,1.0,blaNDM1,AATGGTTCGGTATGCGGGCG,95.2
30/30/40,92.06,93.4,95.2,135,10,0,0,20,1.0,blaNDM1,AATGGTTCGGTATGCGGGCG,95.2
30/20/50,92.42,93.4,95.2,136,9,0,0,20,1.0,blaNDM1,AATGGTTCGGTATGCGGGCG,95.2
30/10/60,92.77,93.4,95.2,141,4,0,0,20,1.0,blaNDM1,AATGGTTCGGTATGCGGGCG,95.2
30/0/70,93.12,93.4,95.2,143,2,0,0,19,0.9048,blaNDM1,AATGGTTCGGTATGCGGGCG,95.2
20/80/0,92.49,95.6,96.8,135,2,0,8,20,1.0,blaNDM1,AATGGTTCGGTATGCGGGCG,96.8
20/70/10,92.84,95.6,96.8,136,1,6,2,20,1.0,blaNDM1,AATGGTTCGGTATGCGGGCG,96.8
20/60/20,93.2,95.6,96.8,136,1,8,0,20,1.0,blaNDM1,AATGGTTCGGTATGCGGGCG,96.8
20/50/30,93.55,95.6,96.8,136,1,8,0,20,1.0,blaNDM1,AATGGTTCGGTATGCGGGCG,96.8
20/40/40,93.91,95.6,96.8,136,5,4,0,20,1.0,blaNDM1,AATGGTTCGGTATGCGGGCG,96.8
20/30/50,94.26,95.6,96.8,136,9,0,0,20,1.0,blaNDM1,AATGGTTCGGTATGCGGGCG,96.8
20/20/60,94.62,95.6,96.8,136,9,0,0,20,1.0,blaNDM1,AATGGTTCGGTATGCGGGCG,96.8
20/10/70,94.97,95.6,96.8,143,2,0,0,20,1.0,blaNDM1,AATGGTTCGGTATGCGGGCG,96.8
20/0/80,95.33,95.6,96.8,143,2,0,0,19,0.9048,blaNDM1,AATGGTTCGGTATGCGGGCG,96.8
10/90/0,94.33,97.8,98.4,135,1,1,8,20,1.0,blaNDM1,AATGGTTCGGTATGCGGGCG,98.4
10/80/10,94.69,97.8,98.4,136,1,0,8,20,1.0,blaNDM1,AATGGTTCGGTATGCGGGCG,98.4
10/70/20,95.05,97.8,98.4,136,1,8,0,20,1.0,blaNDM1,AATGGTTCGGTATGCGGGCG,98.4
10/60/30,95.4,97.8,98.4,136,1,8,0,20,1.0,blaNDM1,AATGGTTCGGTATGCGGGCG,98.4
10/50/40,95.75,97.8,98.4,136,1,8,0,20,1.0,blaNDM1,AATGGTTCGGTATGCGGGCG,98.4
10/40/50,96.11,97.8,98.4,137,8,0,0,20,1.0,blaNDM1,AATGGTTCGGTATGCGGGCG,98.4
10/30/60,96.46,97.8,98.4,136,9,0,0,20,1.0,blaNDM1,AATGGTTCGGTATGCGGGCG,98.4
10/20/70,96.82,97.8,98.4,140,5,0,0,20,1.0,blaNDM1,AATGGTTCGGTATGCGGGCG,98.4
10/10/80,97.18,97.8,98.4,143,2,0,0,20,1.0,blaNDM1,AATGGTTCGGTATGCGGGCG,98.4
10/0/90,97.53,97.8,98.4,143,2,0,0,19,0.9048,blaNDM1,AATGGTTCGGTATGCGGGCG,98.4
0/100/0,96.18,100.0,100.0,136,0,1,8,8,0.25,blaKPC,AGAGCCTTACTGCCCGAAGG,100.0
0/90/10,96.54,100.0,100.0,136,1,0,8,8,0.25,blaKPC,AGAGCCTTACTGCCCGAAGG,100.0
0/80/20,96.89,100.0,100.0,136,1,0,8,8,0.25,blaKPC,AGAGCCTTACTGCCCGAAGG,100.0
0/70/30,97.25,100.0,100.0,136,1,8,0,8,0.25,blaKPC,AGAGCCTTACTGCCCGAAGG,100.0
0/60/40,97.6,100.0,100.0,136,1,8,0,8,0.25,blaKPC,AGAGCCTTACTGCCCGAAGG,100.0
0/50/50,97.96,100.0,100.0,136,1,8,0,8,0.25,blaKPC,AGAGCCTTACTGCCCGAAGG,100.0
0/40/60,98.31,100.0,100.0,137,8,0,0,8,0.25,blaKPC,AGAGCCTTACTGCCCGAAGG,100.0
0/30/70,98.67,100.0,100.0,136,9,0,0,8,0.25,blaKPC,AGAGCCTTACTGCCCGAAGG,100.0
0/20/80,99.02,100.0,100.0,144,1,0,0,8,0.25,blaKPC,AGAGCCTTACTGCCCGAAGG,100.0
0/10/90,99.38,100.0,100.0,143,2,0,0,8,0.25,blaKPC,AGAGCCTTACTGCCCGAAGG,100.0
0/0/100,99.73,100.0,100.0,143,2,0,0,8,0.25,blaKPC,AGAGCCTTACTGCCCGAAGG,100.0
