weight_scheme,mean_final_score,median_final_score,best_final_score,excellent_count,good_count,moderate_count,poor_count,top20_overlap_count_vs_40_30_30,top20_jaccard_vs_40_30_30,top_guide_gene,top_guide_spacer,top_guide_score
90/10/0,79.55,80.2,85.6,2,137,6,0,20,1.0,blaNDM1,AATGGTTCGGTATGCGGGCG,85.6
80/20/0,81.4,82.4,87.2,22,114,9,0,20,1.0,blaNDM1,AATGGTTCGGTATGCGGGCG,87.2
10/20/70,96.82,97.8,98.4,140,5,0,0,20,1.0,blaNDM1,AATGGTTCGGTATGCGGGCG,98.4
80/10/10,81.76,82.4,87.2,22,117,6,0,20,1.0,blaNDM1,AATGGTTCGGTATGCGGGCG,87.2
70/20/10,83.6,84.6,88.8,60,81,4,0,20,1.0,blaNDM1,AATGGTTCGGTATGCGGGCG,88.8
70/30/0,83.25,84.6,88.8,61,76,8,0,20,1.0,blaNDM1,AATGGTTCGGTATGCGGGCG,88.8
70/10/20,83.96,84.6,88.8,60,85,0,0,20,1.0,blaNDM1,AATGGTTCGGTATGCGGGCG,88.8
60/20/20,85.81,86.8,90.4,119,24,2,0,20,1.0,blaNDM1,AATGGTTCGGTATGCGGGCG,90.4
60/30/10,85.45,86.8,90.4,120,18,7,0,20,1.0,blaNDM1,AATGGTTCGGTATGCGGGCG,90.4
60/40/0,85.09,86.8,90.4,121,16,8,0,20,1.0,blaNDM1,AATGGTTCGGTATGCGGGCG,90.4
